dtime,open,high,low,close
2019-12-11 00:00:00+00:00,108.772,108.774,108.767,108.774
2019-12-11 00:01:00+00:00,108.776,108.776,108.768,108.768
2019-12-11 00:02:00+00:00,108.766,108.768,108.761,108.768
2019-12-11 00:03:00+00:00,108.772,108.778,108.769,108.776
2019-12-11 00:04:00+00:00,108.778,108.796,108.778,108.787
2019-12-11 00:05:00+00:00,108.785,108.787,108.785,108.785
2019-12-11 00:06:00+00:00,108.787,108.787,108.772,108.774
2019-12-11 00:07:00+00:00,108.777,108.786,108.777,108.786
2019-12-11 00:08:00+00:00,108.784,108.784,108.777,108.777
2019-12-11 00:09:00+00:00,108.780,108.786,108.776,108.779
2019-12-11 00:10:00+00:00,108.781,108.784,108.776,108.784
2019-12-11 00:11:00+00:00,108.782,108.782,108.774,108.774
2019-12-11 00:12:00+00:00,108.778,108.781,108.772,108.781
2019-12-11 00:13:00+00:00,108.784,108.784,108.774,108.778
2019-12-11 00:14:00+00:00,108.781,108.781,108.781,108.781
2019-12-11 00:15:00+00:00,108.779,108.782,108.762,108.766
2019-12-11 00:16:00+00:00,108.769,108.776,108.769,108.774
2019-12-11 00:17:00+00:00,108.776,108.781,108.776,108.779
2019-12-11 00:18:00+00:00,108.776,108.776,108.774,108.774
2019-12-11 00:19:00+00:00,108.776,108.781,108.776,108.779
2019-12-11 00:20:00+00:00,108.776,108.779,108.774,108.774
2019-12-11 00:21:00+00:00,108.776,108.776,108.776,108.776
2019-12-11 00:22:00+00:00,108.774,108.774,108.770,108.772
2019-12-11 00:23:00+00:00,108.770,108.774,108.767,108.774
2019-12-11 00:24:00+00:00,108.776,108.776,108.772,108.772
2019-12-11 00:25:00+00:00,108.770,108.770,108.767,108.767
2019-12-11 00:26:00+00:00,108.764,108.765,108.762,108.765
2019-12-11 00:27:00+00:00,108.762,108.766,108.762,108.766
2019-12-11 00:28:00+00:00,108.764,108.764,108.761,108.761
2019-12-11 00:29:00+00:00,108.758,108.758,108.752,108.756
2019-12-11 00:30:00+00:00,108.758,108.760,108.758,108.758
2019-12-11 00:31:00+00:00,108.756,108.758,108.756,108.758
2019-12-11 00:32:00+00:00,108.760,108.760,108.758,108.758
2019-12-11 00:33:00+00:00,108.756,108.756,108.751,108.754
2019-12-11 00:34:00+00:00,108.751,108.751,108.738,108.740
2019-12-11 00:35:00+00:00,108.738,108.745,108.735,108.745
2019-12-11 00:36:00+00:00,108.743,108.750,108.743,108.750
2019-12-11 00:37:00+00:00,108.748,108.748,108.743,108.748
2019-12-11 00:38:00+00:00,108.750,108.750,108.738,108.738
2019-12-11 00:39:00+00:00,108.736,108.736,108.667,108.685
2019-12-11 00:40:00+00:00,108.688,108.710,108.687,108.710
2019-12-11 00:41:00+00:00,108.707,108.711,108.698,108.708
2019-12-11 00:42:00+00:00,108.706,108.716,108.706,108.716
2019-12-11 00:43:00+00:00,108.718,108.732,108.718,108.728
2019-12-11 00:44:00+00:00,108.730,108.730,108.726,108.728
2019-12-11 00:45:00+00:00,108.730,108.730,108.720,108.728
2019-12-11 00:46:00+00:00,108.731,108.733,108.731,108.733
2019-12-11 00:47:00+00:00,108.736,108.743,108.736,108.738
2019-12-11 00:48:00+00:00,108.741,108.744,108.740,108.740
2019-12-11 00:49:00+00:00,108.738,108.741,108.738,108.738
2019-12-11 00:50:00+00:00,108.741,108.744,108.740,108.742
2019-12-11 00:51:00+00:00,108.740,108.742,108.738,108.740
2019-12-11 00:52:00+00:00,108.737,108.737,108.732,108.732
2019-12-11 00:53:00+00:00,108.735,108.745,108.735,108.745
2019-12-11 00:54:00+00:00,108.743,108.753,108.738,108.747
2019-12-11 00:55:00+00:00,108.744,108.755,108.744,108.750
2019-12-11 00:56:00+00:00,108.748,108.750,108.748,108.750
2019-12-11 00:57:00+00:00,108.748,108.750,108.745,108.750
2019-12-11 00:59:00+00:00,108.748,108.769,108.748,108.769
2019-12-11 01:00:00+00:00,108.767,108.767,108.752,108.757
2019-12-11 01:01:00+00:00,108.755,108.755,108.755,108.755
2019-12-11 01:02:00+00:00,108.752,108.752,108.750,108.752
2019-12-11 01:03:00+00:00,108.754,108.754,108.747,108.750
2019-12-11 01:04:00+00:00,108.746,108.748,108.746,108.748
2019-12-11 01:05:00+00:00,108.746,108.750,108.746,108.748
2019-12-11 01:08:00+00:00,108.750,108.750,108.748,108.748
2019-12-11 01:09:00+00:00,108.746,108.753,108.746,108.750
2019-12-11 01:10:00+00:00,108.752,108.756,108.750,108.756
2019-12-11 01:11:00+00:00,108.754,108.754,108.748,108.749
2019-12-11 01:12:00+00:00,108.746,108.746,108.742,108.742
2019-12-11 01:14:00+00:00,108.740,108.749,108.737,108.744
2019-12-11 01:15:00+00:00,108.742,108.747,108.742,108.744
2019-12-11 01:16:00+00:00,108.742,108.744,108.742,108.742
2019-12-11 01:17:00+00:00,108.744,108.744,108.734,108.739
2019-12-11 01:18:00+00:00,108.737,108.738,108.727,108.728
2019-12-11 01:19:00+00:00,108.731,108.734,108.728,108.730
2019-12-11 01:20:00+00:00,108.728,108.730,108.725,108.725
2019-12-11 01:21:00+00:00,108.722,108.725,108.718,108.720
2019-12-11 01:22:00+00:00,108.717,108.720,108.717,108.720
2019-12-11 01:23:00+00:00,108.722,108.722,108.711,108.721
2019-12-11 01:24:00+00:00,108.719,108.726,108.719,108.726
2019-12-11 01:25:00+00:00,108.723,108.728,108.720,108.728
2019-12-11 01:26:00+00:00,108.725,108.725,108.722,108.722
2019-12-11 01:27:00+00:00,108.724,108.727,108.724,108.725
2019-12-11 01:28:00+00:00,108.727,108.727,108.727,108.727
2019-12-11 01:29:00+00:00,108.725,108.730,108.725,108.727
2019-12-11 01:30:00+00:00,108.725,108.725,108.712,108.714
2019-12-11 01:31:00+00:00,108.716,108.717,108.712,108.717
2019-12-11 01:32:00+00:00,108.720,108.724,108.720,108.720
2019-12-11 01:33:00+00:00,108.722,108.725,108.722,108.724
2019-12-11 01:34:00+00:00,108.722,108.727,108.722,108.725
2019-12-11 01:35:00+00:00,108.722,108.725,108.720,108.722
2019-12-11 01:36:00+00:00,108.724,108.727,108.720,108.720
2019-12-11 01:37:00+00:00,108.722,108.722,108.720,108.720
2019-12-11 01:38:00+00:00,108.718,108.718,108.718,108.718
2019-12-11 01:39:00+00:00,108.720,108.720,108.720,108.720
2019-12-11 01:40:00+00:00,108.722,108.722,108.718,108.718
2019-12-11 01:41:00+00:00,108.720,108.720,108.714,108.720
2019-12-11 01:42:00+00:00,108.722,108.722,108.720,108.720
2019-12-11 01:43:00+00:00,108.716,108.716,108.714,108.714
2019-12-11 01:44:00+00:00,108.716,108.716,108.716,108.716
2019-12-11 01:45:00+00:00,108.714,108.716,108.714,108.716
2019-12-11 01:46:00+00:00,108.714,108.714,108.714,108.714
2019-12-11 01:47:00+00:00,108.716,108.723,108.716,108.720
2019-12-11 01:49:00+00:00,108.718,108.723,108.718,108.720
2019-12-11 01:50:00+00:00,108.718,108.718,108.716,108.716
2019-12-11 01:52:00+00:00,108.713,108.725,108.713,108.725
2019-12-11 01:53:00+00:00,108.727,108.732,108.725,108.725
2019-12-11 01:54:00+00:00,108.728,108.732,108.716,108.719
2019-12-11 01:55:00+00:00,108.722,108.726,108.722,108.723
2019-12-11 01:56:00+00:00,108.726,108.730,108.726,108.726
2019-12-11 01:57:00+00:00,108.723,108.732,108.720,108.728
2019-12-11 01:59:00+00:00,108.725,108.733,108.725,108.731
2019-12-11 02:00:00+00:00,108.728,108.730,108.720,108.730
2019-12-11 02:01:00+00:00,108.728,108.730,108.726,108.726
2019-12-11 02:02:00+00:00,108.728,108.730,108.728,108.728
2019-12-11 02:03:00+00:00,108.730,108.730,108.728,108.730
2019-12-11 02:04:00+00:00,108.728,108.728,108.728,108.728
2019-12-11 02:05:00+00:00,108.730,108.738,108.730,108.738
2019-12-11 02:06:00+00:00,108.736,108.736,108.733,108.736
2019-12-11 02:07:00+00:00,108.734,108.736,108.732,108.736
2019-12-11 02:08:00+00:00,108.734,108.736,108.734,108.736
2019-12-11 02:09:00+00:00,108.739,108.739,108.739,108.739
2019-12-11 02:10:00+00:00,108.737,108.737,108.737,108.737
2019-12-11 02:11:00+00:00,108.739,108.744,108.739,108.742
2019-12-11 02:13:00+00:00,108.740,108.740,108.729,108.729
2019-12-11 02:15:00+00:00,108.726,108.736,108.726,108.736
2019-12-11 02:16:00+00:00,108.739,108.739,108.737,108.737
2019-12-11 02:17:00+00:00,108.734,108.736,108.734,108.736
2019-12-11 02:18:00+00:00,108.738,108.741,108.738,108.738
2019-12-11 02:19:00+00:00,108.741,108.741,108.731,108.731
2019-12-11 02:20:00+00:00,108.733,108.733,108.731,108.731
2019-12-11 02:21:00+00:00,108.728,108.730,108.728,108.730
2019-12-11 02:22:00+00:00,108.728,108.728,108.726,108.726
2019-12-11 02:23:00+00:00,108.723,108.726,108.723,108.726
2019-12-11 02:24:00+00:00,108.723,108.726,108.723,108.726
2019-12-11 02:26:00+00:00,108.723,108.726,108.723,108.726
2019-12-11 02:27:00+00:00,108.724,108.724,108.724,108.724
2019-12-11 02:28:00+00:00,108.726,108.731,108.726,108.731
2019-12-11 02:29:00+00:00,108.733,108.733,108.728,108.728
2019-12-11 02:30:00+00:00,108.730,108.730,108.722,108.724
2019-12-11 02:31:00+00:00,108.726,108.729,108.726,108.726
2019-12-11 02:32:00+00:00,108.724,108.726,108.719,108.726
2019-12-11 02:33:00+00:00,108.728,108.730,108.728,108.730
2019-12-11 02:35:00+00:00,108.733,108.743,108.733,108.743
2019-12-11 02:36:00+00:00,108.740,108.740,108.735,108.735
2019-12-11 02:37:00+00:00,108.738,108.738,108.738,108.738
2019-12-11 02:38:00+00:00,108.735,108.735,108.730,108.732
2019-12-11 02:39:00+00:00,108.729,108.732,108.729,108.732
2019-12-11 02:40:00+00:00,108.730,108.730,108.730,108.730
2019-12-11 02:42:00+00:00,108.728,108.730,108.728,108.728
2019-12-11 02:43:00+00:00,108.730,108.732,108.728,108.730
2019-12-11 02:44:00+00:00,108.728,108.730,108.727,108.730
2019-12-11 02:45:00+00:00,108.728,108.730,108.728,108.730
2019-12-11 02:46:00+00:00,108.728,108.728,108.728,108.728
2019-12-11 02:48:00+00:00,108.730,108.733,108.730,108.733
2019-12-11 02:50:00+00:00,108.736,108.740,108.736,108.738
2019-12-11 02:53:00+00:00,108.740,108.740,108.740,108.740
2019-12-11 02:54:00+00:00,108.738,108.740,108.738,108.740
2019-12-11 02:55:00+00:00,108.742,108.742,108.742,108.742
2019-12-11 02:56:00+00:00,108.745,108.750,108.744,108.749
2019-12-11 02:57:00+00:00,108.746,108.746,108.742,108.745
2019-12-11 02:58:00+00:00,108.748,108.748,108.743,108.743
2019-12-11 02:59:00+00:00,108.745,108.748,108.743,108.743
2019-12-11 03:00:00+00:00,108.745,108.745,108.743,108.743
2019-12-11 03:01:00+00:00,108.740,108.740,108.736,108.736
2019-12-11 03:02:00+00:00,108.733,108.736,108.733,108.736
2019-12-11 03:03:00+00:00,108.733,108.733,108.733,108.733
2019-12-11 03:04:00+00:00,108.736,108.736,108.736,108.736
2019-12-11 03:05:00+00:00,108.738,108.738,108.738,108.738
2019-12-11 03:07:00+00:00,108.736,108.736,108.736,108.736
2019-12-11 03:08:00+00:00,108.734,108.734,108.734,108.734
2019-12-11 03:09:00+00:00,108.736,108.736,108.736,108.736
2019-12-11 03:14:00+00:00,108.738,108.742,108.738,108.740
2019-12-11 03:15:00+00:00,108.736,108.736,108.736,108.736
2019-12-11 03:18:00+00:00,108.734,108.734,108.734,108.734
2019-12-11 03:19:00+00:00,108.736,108.736,108.736,108.736
2019-12-11 03:20:00+00:00,108.738,108.742,108.738,108.742
2019-12-11 03:22:00+00:00,108.740,108.740,108.737,108.737
2019-12-11 03:23:00+00:00,108.734,108.734,108.734,108.734
2019-12-11 03:24:00+00:00,108.737,108.739,108.737,108.739
2019-12-11 03:25:00+00:00,108.742,108.748,108.742,108.746
2019-12-11 03:27:00+00:00,108.744,108.746,108.744,108.746
2019-12-11 03:28:00+00:00,108.744,108.744,108.742,108.742
2019-12-11 03:29:00+00:00,108.744,108.746,108.744,108.746
2019-12-11 03:30:00+00:00,108.744,108.746,108.744,108.746
2019-12-11 03:31:00+00:00,108.743,108.743,108.743,108.743
2019-12-11 03:32:00+00:00,108.740,108.740,108.729,108.732
2019-12-11 03:33:00+00:00,108.734,108.736,108.734,108.734
2019-12-11 03:34:00+00:00,108.737,108.737,108.737,108.737
2019-12-11 03:35:00+00:00,108.734,108.736,108.732,108.736
2019-12-11 03:37:00+00:00,108.734,108.734,108.734,108.734
2019-12-11 03:38:00+00:00,108.736,108.736,108.729,108.736
2019-12-11 03:39:00+00:00,108.739,108.739,108.739,108.739
2019-12-11 03:40:00+00:00,108.737,108.742,108.737,108.742
2019-12-11 03:41:00+00:00,108.740,108.742,108.738,108.742
2019-12-11 03:42:00+00:00,108.740,108.740,108.740,108.740
2019-12-11 03:44:00+00:00,108.742,108.742,108.742,108.742
2019-12-11 03:46:00+00:00,108.744,108.747,108.744,108.747
2019-12-11 03:49:00+00:00,108.744,108.744,108.744,108.744
2019-12-11 03:51:00+00:00,108.742,108.742,108.742,108.742
2019-12-11 03:53:00+00:00,108.744,108.748,108.744,108.748
2019-12-11 03:54:00+00:00,108.746,108.746,108.744,108.744
2019-12-11 03:55:00+00:00,108.746,108.746,108.744,108.744
2019-12-11 03:59:00+00:00,108.740,108.744,108.738,108.744
2019-12-11 04:00:00+00:00,108.741,108.744,108.741,108.741
2019-12-11 04:01:00+00:00,108.744,108.744,108.744,108.744
2019-12-11 04:04:00+00:00,108.741,108.741,108.736,108.736
2019-12-11 04:05:00+00:00,108.738,108.738,108.738,108.738
2019-12-11 04:06:00+00:00,108.740,108.743,108.740,108.743
2019-12-11 04:07:00+00:00,108.740,108.740,108.738,108.738
2019-12-11 04:08:00+00:00,108.740,108.740,108.740,108.740
2019-12-11 04:09:00+00:00,108.738,108.741,108.738,108.741
2019-12-11 04:10:00+00:00,108.744,108.751,108.744,108.749
2019-12-11 04:11:00+00:00,108.746,108.749,108.746,108.749
2019-12-11 04:12:00+00:00,108.746,108.746,108.746,108.746
2019-12-11 04:13:00+00:00,108.744,108.747,108.744,108.747
2019-12-11 04:16:00+00:00,108.750,108.750,108.750,108.750
2019-12-11 04:17:00+00:00,108.747,108.747,108.747,108.747
2019-12-11 04:18:00+00:00,108.750,108.750,108.750,108.750
2019-12-11 04:19:00+00:00,108.746,108.746,108.744,108.744
2019-12-11 04:20:00+00:00,108.746,108.746,108.746,108.746
2019-12-11 04:23:00+00:00,108.749,108.751,108.749,108.749
2019-12-11 04:24:00+00:00,108.751,108.756,108.749,108.756
2019-12-11 04:25:00+00:00,108.754,108.754,108.748,108.752
2019-12-11 04:26:00+00:00,108.749,108.751,108.749,108.749
2019-12-11 04:27:00+00:00,108.751,108.751,108.751,108.751
2019-12-11 04:28:00+00:00,108.749,108.749,108.749,108.749
2019-12-11 04:29:00+00:00,108.751,108.754,108.749,108.749
2019-12-11 04:30:00+00:00,108.751,108.751,108.749,108.749
2019-12-11 04:31:00+00:00,108.751,108.751,108.749,108.749
2019-12-11 04:32:00+00:00,108.746,108.746,108.746,108.746
2019-12-11 04:33:00+00:00,108.748,108.751,108.748,108.751
2019-12-11 04:35:00+00:00,108.754,108.754,108.748,108.748
2019-12-11 04:43:00+00:00,108.746,108.748,108.744,108.744
2019-12-11 04:44:00+00:00,108.747,108.747,108.742,108.742
2019-12-11 04:46:00+00:00,108.740,108.740,108.737,108.737
2019-12-11 04:47:00+00:00,108.739,108.742,108.737,108.737
2019-12-11 04:48:00+00:00,108.739,108.739,108.737,108.737
2019-12-11 04:49:00+00:00,108.739,108.742,108.739,108.742
2019-12-11 04:50:00+00:00,108.744,108.748,108.744,108.746
2019-12-11 04:51:00+00:00,108.749,108.754,108.746,108.746
2019-12-11 04:52:00+00:00,108.748,108.748,108.748,108.748
2019-12-11 04:53:00+00:00,108.750,108.750,108.743,108.743
2019-12-11 04:54:00+00:00,108.740,108.742,108.740,108.742
2019-12-11 04:55:00+00:00,108.740,108.740,108.736,108.738
2019-12-11 04:56:00+00:00,108.740,108.743,108.740,108.743
2019-12-11 04:59:00+00:00,108.745,108.750,108.745,108.748
2019-12-11 05:01:00+00:00,108.750,108.752,108.745,108.746
2019-12-11 05:02:00+00:00,108.744,108.744,108.744,108.744
2019-12-11 05:03:00+00:00,108.746,108.746,108.746,108.746
2019-12-11 05:04:00+00:00,108.748,108.751,108.748,108.749
2019-12-11 05:05:00+00:00,108.751,108.751,108.748,108.748
2019-12-11 05:07:00+00:00,108.751,108.754,108.746,108.748
2019-12-11 05:09:00+00:00,108.746,108.746,108.744,108.744
2019-12-11 05:10:00+00:00,108.746,108.748,108.746,108.746
2019-12-11 05:11:00+00:00,108.748,108.754,108.748,108.752
2019-12-11 05:12:00+00:00,108.754,108.754,108.754,108.754
2019-12-11 05:13:00+00:00,108.752,108.752,108.746,108.746
2019-12-11 05:14:00+00:00,108.749,108.749,108.749,108.749
2019-12-11 05:15:00+00:00,108.751,108.754,108.749,108.752
2019-12-11 05:16:00+00:00,108.754,108.754,108.751,108.751
2019-12-11 05:17:00+00:00,108.749,108.749,108.746,108.746
2019-12-11 05:19:00+00:00,108.748,108.748,108.748,108.748
2019-12-11 05:20:00+00:00,108.746,108.746,108.744,108.744
2019-12-11 05:21:00+00:00,108.741,108.741,108.741,108.741
2019-12-11 05:22:00+00:00,108.744,108.748,108.744,108.748
2019-12-11 05:23:00+00:00,108.746,108.748,108.746,108.748
2019-12-11 05:27:00+00:00,108.746,108.746,108.738,108.740
2019-12-11 05:28:00+00:00,108.742,108.745,108.742,108.742
2019-12-11 05:29:00+00:00,108.746,108.746,108.742,108.745
2019-12-11 05:30:00+00:00,108.748,108.748,108.742,108.742
2019-12-11 05:31:00+00:00,108.745,108.745,108.740,108.742
2019-12-11 05:32:00+00:00,108.740,108.742,108.738,108.740
2019-12-11 05:33:00+00:00,108.742,108.747,108.742,108.747
2019-12-11 05:34:00+00:00,108.750,108.753,108.750,108.753
2019-12-11 05:35:00+00:00,108.750,108.750,108.748,108.748
2019-12-11 05:36:00+00:00,108.746,108.746,108.746,108.746
2019-12-11 05:40:00+00:00,108.748,108.751,108.748,108.749
2019-12-11 05:41:00+00:00,108.751,108.751,108.749,108.749
2019-12-11 05:42:00+00:00,108.751,108.751,108.751,108.751
2019-12-11 05:43:00+00:00,108.749,108.749,108.749,108.749
2019-12-11 05:44:00+00:00,108.751,108.751,108.748,108.751
2019-12-11 05:45:00+00:00,108.754,108.754,108.752,108.752
2019-12-11 05:46:00+00:00,108.754,108.756,108.750,108.750
2019-12-11 05:48:00+00:00,108.748,108.748,108.748,108.748
2019-12-11 05:49:00+00:00,108.750,108.750,108.750,108.750
2019-12-11 05:50:00+00:00,108.747,108.747,108.747,108.747
2019-12-11 05:51:00+00:00,108.744,108.745,108.742,108.745
2019-12-11 05:52:00+00:00,108.742,108.745,108.742,108.745
2019-12-11 05:53:00+00:00,108.743,108.743,108.743,108.743
2019-12-11 05:54:00+00:00,108.745,108.752,108.745,108.750
2019-12-11 05:55:00+00:00,108.752,108.752,108.750,108.750
2019-12-11 05:56:00+00:00,108.747,108.747,108.747,108.747
2019-12-11 05:57:00+00:00,108.750,108.762,108.750,108.762
2019-12-11 05:58:00+00:00,108.760,108.762,108.758,108.762
2019-12-11 05:59:00+00:00,108.764,108.769,108.762,108.767
2019-12-11 06:00:00+00:00,108.769,108.772,108.767,108.769
2019-12-11 06:01:00+00:00,108.767,108.769,108.767,108.767
2019-12-11 06:02:00+00:00,108.764,108.764,108.762,108.762
2019-12-11 06:03:00+00:00,108.764,108.764,108.764,108.764
2019-12-11 06:04:00+00:00,108.762,108.762,108.762,108.762
2019-12-11 06:05:00+00:00,108.760,108.762,108.760,108.760
2019-12-11 06:06:00+00:00,108.757,108.757,108.757,108.757
2019-12-11 06:07:00+00:00,108.755,108.755,108.750,108.752
2019-12-11 06:08:00+00:00,108.750,108.750,108.750,108.750
2019-12-11 06:09:00+00:00,108.747,108.752,108.747,108.750
2019-12-11 06:10:00+00:00,108.753,108.753,108.753,108.753
2019-12-11 06:11:00+00:00,108.750,108.753,108.750,108.753
2019-12-11 06:12:00+00:00,108.756,108.760,108.756,108.760
2019-12-11 06:13:00+00:00,108.758,108.758,108.758,108.758
2019-12-11 06:14:00+00:00,108.760,108.760,108.756,108.756
2019-12-11 06:16:00+00:00,108.758,108.758,108.758,108.758
2019-12-11 06:17:00+00:00,108.756,108.756,108.752,108.754
2019-12-11 06:18:00+00:00,108.751,108.751,108.749,108.749
2019-12-11 06:19:00+00:00,108.752,108.752,108.746,108.746
2019-12-11 06:20:00+00:00,108.748,108.751,108.748,108.751
2019-12-11 06:21:00+00:00,108.749,108.749,108.749,108.749
2019-12-11 06:22:00+00:00,108.746,108.746,108.746,108.746
2019-12-11 06:24:00+00:00,108.744,108.744,108.744,108.744
2019-12-11 06:29:00+00:00,108.741,108.741,108.736,108.738
2019-12-11 06:30:00+00:00,108.741,108.741,108.738,108.738
2019-12-11 06:31:00+00:00,108.736,108.736,108.736,108.736
2019-12-11 06:32:00+00:00,108.738,108.738,108.738,108.738
2019-12-11 06:33:00+00:00,108.741,108.741,108.741,108.741
2019-12-11 06:34:00+00:00,108.738,108.738,108.738,108.738
2019-12-11 06:37:00+00:00,108.741,108.741,108.741,108.741
2019-12-11 06:40:00+00:00,108.738,108.741,108.738,108.741
2019-12-11 06:41:00+00:00,108.738,108.738,108.738,108.738
2019-12-11 06:42:00+00:00,108.736,108.736,108.731,108.733
2019-12-11 06:43:00+00:00,108.731,108.731,108.728,108.730
2019-12-11 06:44:00+00:00,108.728,108.728,108.726,108.726
2019-12-11 06:46:00+00:00,108.728,108.728,108.728,108.728
2019-12-11 06:48:00+00:00,108.731,108.733,108.731,108.733
2019-12-11 06:49:00+00:00,108.731,108.731,108.731,108.731
2019-12-11 06:51:00+00:00,108.733,108.736,108.733,108.736
2019-12-11 06:52:00+00:00,108.734,108.734,108.734,108.734
2019-12-11 06:53:00+00:00,108.736,108.736,108.736,108.736
2019-12-11 06:54:00+00:00,108.738,108.744,108.738,108.744
2019-12-11 06:56:00+00:00,108.746,108.746,108.743,108.743
2019-12-11 06:57:00+00:00,108.740,108.740,108.738,108.740
2019-12-11 06:58:00+00:00,108.742,108.745,108.742,108.745
2019-12-11 06:59:00+00:00,108.748,108.748,108.748,108.748
2019-12-11 07:00:00+00:00,108.746,108.746,108.744,108.746
2019-12-11 07:01:00+00:00,108.748,108.748,108.743,108.743
2019-12-11 07:02:00+00:00,108.740,108.740,108.738,108.738
2019-12-11 07:03:00+00:00,108.740,108.740,108.738,108.738
2019-12-11 07:04:00+00:00,108.735,108.735,108.735,108.735
2019-12-11 07:05:00+00:00,108.738,108.740,108.738,108.740
2019-12-11 07:06:00+00:00,108.738,108.742,108.738,108.742
2019-12-11 07:07:00+00:00,108.740,108.740,108.740,108.740
2019-12-11 07:08:00+00:00,108.742,108.742,108.740,108.742
2019-12-11 07:09:00+00:00,108.740,108.742,108.735,108.740
2019-12-11 07:10:00+00:00,108.738,108.742,108.738,108.742
2019-12-11 07:11:00+00:00,108.740,108.740,108.735,108.735
2019-12-11 07:12:00+00:00,108.732,108.738,108.732,108.738
2019-12-11 07:13:00+00:00,108.740,108.743,108.735,108.735
2019-12-11 07:14:00+00:00,108.738,108.738,108.735,108.735
2019-12-11 07:15:00+00:00,108.738,108.738,108.738,108.738
2019-12-11 07:16:00+00:00,108.740,108.740,108.737,108.737
2019-12-11 07:17:00+00:00,108.734,108.734,108.730,108.730
2019-12-11 07:18:00+00:00,108.728,108.730,108.724,108.724
2019-12-11 07:19:00+00:00,108.727,108.727,108.727,108.727
2019-12-11 07:20:00+00:00,108.724,108.724,108.720,108.720
2019-12-11 07:23:00+00:00,108.722,108.730,108.722,108.727
2019-12-11 07:24:00+00:00,108.725,108.725,108.714,108.716
2019-12-11 07:25:00+00:00,108.718,108.722,108.718,108.722
2019-12-11 07:26:00+00:00,108.724,108.724,108.724,108.724
2019-12-11 07:27:00+00:00,108.726,108.726,108.726,108.726
2019-12-11 07:30:00+00:00,108.723,108.723,108.710,108.712
2019-12-11 07:31:00+00:00,108.710,108.710,108.708,108.708
2019-12-11 07:32:00+00:00,108.704,108.707,108.702,108.704
2019-12-11 07:33:00+00:00,108.706,108.717,108.706,108.717
2019-12-11 07:34:00+00:00,108.714,108.714,108.708,108.708
2019-12-11 07:35:00+00:00,108.710,108.715,108.710,108.713
2019-12-11 07:36:00+00:00,108.710,108.710,108.710,108.710
2019-12-11 07:37:00+00:00,108.708,108.708,108.708,108.708
2019-12-11 07:38:00+00:00,108.711,108.714,108.710,108.712
2019-12-11 07:39:00+00:00,108.710,108.710,108.702,108.705
2019-12-11 07:41:00+00:00,108.708,108.712,108.708,108.712
2019-12-11 07:42:00+00:00,108.715,108.715,108.713,108.715
2019-12-11 07:43:00+00:00,108.718,108.722,108.718,108.722
2019-12-11 07:45:00+00:00,108.720,108.720,108.713,108.713
2019-12-11 07:46:00+00:00,108.715,108.715,108.710,108.710
2019-12-11 07:47:00+00:00,108.712,108.715,108.710,108.715
2019-12-11 07:48:00+00:00,108.718,108.726,108.718,108.726
2019-12-11 07:49:00+00:00,108.728,108.730,108.726,108.726
2019-12-11 07:50:00+00:00,108.728,108.730,108.728,108.728
2019-12-11 07:51:00+00:00,108.730,108.730,108.730,108.730
2019-12-11 07:52:00+00:00,108.733,108.738,108.728,108.735
2019-12-11 07:53:00+00:00,108.732,108.732,108.728,108.730
2019-12-11 07:54:00+00:00,108.728,108.728,108.728,108.728
2019-12-11 07:55:00+00:00,108.730,108.732,108.728,108.728
2019-12-11 07:57:00+00:00,108.730,108.736,108.730,108.734
2019-12-11 07:58:00+00:00,108.736,108.736,108.733,108.734
2019-12-11 07:59:00+00:00,108.731,108.731,108.726,108.726
2019-12-11 08:00:00+00:00,108.724,108.738,108.723,108.730
2019-12-11 08:01:00+00:00,108.728,108.735,108.728,108.730
2019-12-11 08:02:00+00:00,108.728,108.733,108.724,108.733
2019-12-11 08:03:00+00:00,108.736,108.751,108.734,108.746
2019-12-11 08:04:00+00:00,108.748,108.756,108.746,108.749
2019-12-11 08:05:00+00:00,108.746,108.757,108.744,108.757
2019-12-11 08:06:00+00:00,108.754,108.757,108.752,108.755
2019-12-11 08:07:00+00:00,108.752,108.752,108.738,108.738
2019-12-11 08:08:00+00:00,108.740,108.742,108.735,108.738
2019-12-11 08:09:00+00:00,108.736,108.741,108.736,108.738
2019-12-11 08:10:00+00:00,108.736,108.736,108.734,108.734
2019-12-11 08:11:00+00:00,108.736,108.742,108.736,108.742
2019-12-11 08:12:00+00:00,108.744,108.750,108.744,108.746
2019-12-11 08:13:00+00:00,108.743,108.743,108.738,108.740
2019-12-11 08:14:00+00:00,108.737,108.739,108.734,108.736
2019-12-11 08:15:00+00:00,108.734,108.734,108.732,108.732
2019-12-11 08:17:00+00:00,108.730,108.730,108.711,108.724
2019-12-11 08:18:00+00:00,108.722,108.727,108.722,108.727
2019-12-11 08:19:00+00:00,108.725,108.798,108.725,108.788
2019-12-11 08:20:00+00:00,108.786,108.786,108.761,108.761
2019-12-11 08:21:00+00:00,108.758,108.761,108.753,108.756
2019-12-11 08:22:00+00:00,108.759,108.768,108.757,108.768
2019-12-11 08:23:00+00:00,108.765,108.768,108.760,108.760
2019-12-11 08:24:00+00:00,108.763,108.766,108.760,108.764
2019-12-11 08:25:00+00:00,108.766,108.775,108.756,108.768
2019-12-11 08:26:00+00:00,108.770,108.778,108.768,108.774
2019-12-11 08:27:00+00:00,108.771,108.772,108.762,108.768
2019-12-11 08:28:00+00:00,108.771,108.774,108.761,108.761
2019-12-11 08:29:00+00:00,108.763,108.770,108.759,108.759
2019-12-11 08:30:00+00:00,108.756,108.768,108.756,108.764
2019-12-11 08:31:00+00:00,108.766,108.766,108.756,108.759
2019-12-11 08:32:00+00:00,108.762,108.774,108.762,108.768
2019-12-11 08:33:00+00:00,108.766,108.766,108.764,108.764
2019-12-11 08:34:00+00:00,108.762,108.764,108.756,108.764
2019-12-11 08:35:00+00:00,108.766,108.772,108.766,108.770
2019-12-11 08:36:00+00:00,108.767,108.770,108.762,108.762
2019-12-11 08:37:00+00:00,108.765,108.770,108.765,108.770
2019-12-11 08:38:00+00:00,108.772,108.772,108.765,108.765
2019-12-11 08:39:00+00:00,108.762,108.764,108.756,108.756
2019-12-11 08:40:00+00:00,108.759,108.759,108.731,108.734
2019-12-11 08:41:00+00:00,108.736,108.748,108.736,108.744
2019-12-11 08:42:00+00:00,108.742,108.752,108.742,108.750
2019-12-11 08:43:00+00:00,108.752,108.755,108.750,108.750
2019-12-11 08:44:00+00:00,108.747,108.754,108.744,108.744
2019-12-11 08:45:00+00:00,108.742,108.746,108.734,108.739
2019-12-11 08:46:00+00:00,108.742,108.742,108.726,108.734
2019-12-11 08:47:00+00:00,108.731,108.736,108.728,108.731
2019-12-11 08:48:00+00:00,108.733,108.734,108.726,108.732
2019-12-11 08:49:00+00:00,108.734,108.734,108.729,108.729
2019-12-11 08:50:00+00:00,108.726,108.732,108.722,108.732
2019-12-11 08:51:00+00:00,108.734,108.749,108.734,108.748
2019-12-11 08:52:00+00:00,108.751,108.751,108.735,108.738
2019-12-11 08:53:00+00:00,108.740,108.742,108.736,108.736
2019-12-11 08:54:00+00:00,108.738,108.738,108.694,108.715
2019-12-11 08:55:00+00:00,108.713,108.720,108.696,108.710
2019-12-11 08:56:00+00:00,108.707,108.715,108.702,108.715
2019-12-11 08:57:00+00:00,108.713,108.715,108.702,108.709
2019-12-11 08:58:00+00:00,108.707,108.709,108.704,108.709
2019-12-11 08:59:00+00:00,108.712,108.712,108.704,108.704
2019-12-11 09:00:00+00:00,108.701,108.703,108.692,108.700
2019-12-11 09:01:00+00:00,108.698,108.702,108.692,108.700
2019-12-11 09:02:00+00:00,108.698,108.704,108.698,108.704
2019-12-11 09:03:00+00:00,108.701,108.710,108.701,108.710
2019-12-11 09:04:00+00:00,108.708,108.710,108.708,108.710
2019-12-11 09:05:00+00:00,108.712,108.716,108.707,108.707
2019-12-11 09:06:00+00:00,108.709,108.709,108.704,108.706
2019-12-11 09:07:00+00:00,108.704,108.706,108.702,108.706
2019-12-11 09:08:00+00:00,108.704,108.706,108.704,108.704
2019-12-11 09:09:00+00:00,108.706,108.708,108.702,108.702
2019-12-11 09:10:00+00:00,108.700,108.706,108.698,108.704
2019-12-11 09:11:00+00:00,108.706,108.710,108.704,108.707
2019-12-11 09:12:00+00:00,108.709,108.709,108.702,108.702
2019-12-11 09:13:00+00:00,108.700,108.703,108.698,108.698
2019-12-11 09:14:00+00:00,108.700,108.702,108.700,108.702
2019-12-11 09:15:00+00:00,108.700,108.706,108.700,108.706
2019-12-11 09:16:00+00:00,108.708,108.712,108.708,108.710
2019-12-11 09:17:00+00:00,108.707,108.712,108.707,108.712
2019-12-11 09:18:00+00:00,108.710,108.714,108.707,108.709
2019-12-11 09:19:00+00:00,108.712,108.712,108.710,108.710
2019-12-11 09:20:00+00:00,108.712,108.712,108.704,108.706
2019-12-11 09:21:00+00:00,108.704,108.704,108.699,108.699
2019-12-11 09:22:00+00:00,108.696,108.701,108.696,108.698
2019-12-11 09:23:00+00:00,108.700,108.703,108.695,108.697
2019-12-11 09:24:00+00:00,108.695,108.697,108.690,108.697
2019-12-11 09:25:00+00:00,108.695,108.706,108.695,108.704
2019-12-11 09:26:00+00:00,108.706,108.706,108.696,108.696
2019-12-11 09:27:00+00:00,108.699,108.701,108.696,108.701
2019-12-11 09:28:00+00:00,108.698,108.698,108.696,108.696
2019-12-11 09:29:00+00:00,108.693,108.696,108.685,108.688
2019-12-11 09:30:00+00:00,108.690,108.696,108.690,108.693
2019-12-11 09:31:00+00:00,108.696,108.696,108.683,108.685
2019-12-11 09:32:00+00:00,108.683,108.688,108.675,108.688
2019-12-11 09:33:00+00:00,108.686,108.690,108.686,108.690
2019-12-11 09:34:00+00:00,108.688,108.688,108.678,108.678
2019-12-11 09:35:00+00:00,108.680,108.686,108.680,108.686
2019-12-11 09:36:00+00:00,108.688,108.688,108.680,108.680
2019-12-11 09:37:00+00:00,108.678,108.688,108.678,108.688
2019-12-11 09:38:00+00:00,108.690,108.694,108.690,108.694
2019-12-11 09:39:00+00:00,108.692,108.700,108.692,108.698
2019-12-11 09:40:00+00:00,108.695,108.700,108.695,108.700
2019-12-11 09:41:00+00:00,108.697,108.700,108.692,108.692
2019-12-11 09:42:00+00:00,108.695,108.695,108.682,108.686
2019-12-11 09:43:00+00:00,108.688,108.688,108.678,108.681
2019-12-11 09:44:00+00:00,108.678,108.678,108.673,108.674
2019-12-11 09:45:00+00:00,108.672,108.677,108.672,108.675
2019-12-11 09:46:00+00:00,108.672,108.672,108.672,108.672
2019-12-11 09:47:00+00:00,108.674,108.677,108.674,108.677
2019-12-11 09:48:00+00:00,108.674,108.674,108.667,108.670
2019-12-11 09:49:00+00:00,108.667,108.674,108.667,108.674
2019-12-11 09:50:00+00:00,108.677,108.680,108.675,108.675
2019-12-11 09:51:00+00:00,108.672,108.684,108.672,108.678
2019-12-11 09:52:00+00:00,108.681,108.686,108.681,108.686
2019-12-11 09:53:00+00:00,108.684,108.686,108.684,108.686
2019-12-11 09:54:00+00:00,108.688,108.691,108.686,108.686
2019-12-11 09:55:00+00:00,108.688,108.694,108.686,108.692
2019-12-11 09:56:00+00:00,108.689,108.691,108.686,108.691
2019-12-11 09:57:00+00:00,108.688,108.688,108.684,108.686
2019-12-11 09:58:00+00:00,108.684,108.686,108.684,108.684
2019-12-11 09:59:00+00:00,108.686,108.689,108.681,108.689
2019-12-11 10:00:00+00:00,108.691,108.702,108.691,108.692
2019-12-11 10:01:00+00:00,108.694,108.694,108.686,108.688
2019-12-11 10:02:00+00:00,108.686,108.691,108.686,108.689
2019-12-11 10:03:00+00:00,108.686,108.696,108.684,108.696
2019-12-11 10:04:00+00:00,108.694,108.694,108.691,108.694
2019-12-11 10:05:00+00:00,108.691,108.691,108.684,108.684
2019-12-11 10:06:00+00:00,108.681,108.684,108.679,108.684
2019-12-11 10:07:00+00:00,108.681,108.681,108.678,108.678
2019-12-11 10:08:00+00:00,108.682,108.694,108.682,108.689
2019-12-11 10:09:00+00:00,108.691,108.691,108.688,108.688
2019-12-11 10:10:00+00:00,108.692,108.694,108.692,108.694
2019-12-11 10:11:00+00:00,108.692,108.692,108.689,108.689
2019-12-11 10:12:00+00:00,108.686,108.688,108.686,108.686
2019-12-11 10:13:00+00:00,108.688,108.688,108.686,108.686
2019-12-11 10:14:00+00:00,108.684,108.686,108.679,108.680
2019-12-11 10:15:00+00:00,108.682,108.685,108.682,108.685
2019-12-11 10:16:00+00:00,108.688,108.694,108.688,108.694
2019-12-11 10:17:00+00:00,108.696,108.696,108.696,108.696
2019-12-11 10:18:00+00:00,108.693,108.700,108.693,108.696
2019-12-11 10:19:00+00:00,108.698,108.698,108.698,108.698
2019-12-11 10:21:00+00:00,108.700,108.700,108.693,108.694
2019-12-11 10:22:00+00:00,108.696,108.696,108.691,108.696
2019-12-11 10:23:00+00:00,108.694,108.696,108.691,108.692
2019-12-11 10:24:00+00:00,108.689,108.691,108.686,108.689
2019-12-11 10:25:00+00:00,108.691,108.691,108.689,108.691
2019-12-11 10:26:00+00:00,108.689,108.691,108.689,108.691
2019-12-11 10:27:00+00:00,108.688,108.688,108.686,108.686
2019-12-11 10:28:00+00:00,108.688,108.691,108.688,108.691
2019-12-11 10:30:00+00:00,108.689,108.689,108.686,108.688
2019-12-11 10:31:00+00:00,108.686,108.686,108.682,108.684
2019-12-11 10:32:00+00:00,108.686,108.686,108.678,108.680
2019-12-11 10:33:00+00:00,108.683,108.683,108.680,108.680
2019-12-11 10:34:00+00:00,108.678,108.678,108.676,108.678
2019-12-11 10:35:00+00:00,108.675,108.675,108.672,108.672
2019-12-11 10:36:00+00:00,108.675,108.677,108.675,108.677
2019-12-11 10:37:00+00:00,108.675,108.677,108.664,108.670
2019-12-11 10:38:00+00:00,108.667,108.674,108.667,108.672
2019-12-11 10:39:00+00:00,108.669,108.674,108.669,108.674
2019-12-11 10:41:00+00:00,108.676,108.678,108.676,108.678
2019-12-11 10:42:00+00:00,108.675,108.677,108.674,108.676
2019-12-11 10:43:00+00:00,108.674,108.674,108.670,108.670
2019-12-11 10:44:00+00:00,108.672,108.674,108.669,108.674
2019-12-11 10:45:00+00:00,108.676,108.679,108.672,108.672
2019-12-11 10:46:00+00:00,108.674,108.674,108.660,108.660
2019-12-11 10:47:00+00:00,108.662,108.662,108.662,108.662
2019-12-11 10:48:00+00:00,108.665,108.670,108.663,108.666
2019-12-11 10:49:00+00:00,108.669,108.674,108.666,108.666
2019-12-11 10:50:00+00:00,108.664,108.666,108.664,108.664
2019-12-11 10:51:00+00:00,108.660,108.665,108.660,108.663
2019-12-11 10:52:00+00:00,108.660,108.669,108.658,108.666
2019-12-11 10:53:00+00:00,108.664,108.664,108.656,108.658
2019-12-11 10:54:00+00:00,108.660,108.668,108.660,108.668
2019-12-11 10:55:00+00:00,108.671,108.671,108.666,108.669
2019-12-11 10:56:00+00:00,108.666,108.666,108.664,108.666
2019-12-11 10:57:00+00:00,108.668,108.668,108.666,108.666
2019-12-11 10:58:00+00:00,108.668,108.668,108.666,108.666
2019-12-11 10:59:00+00:00,108.668,108.668,108.668,108.668
2019-12-11 11:00:00+00:00,108.671,108.674,108.669,108.674
2019-12-11 11:01:00+00:00,108.676,108.681,108.676,108.678
2019-12-11 11:02:00+00:00,108.681,108.681,108.678,108.678
2019-12-11 11:03:00+00:00,108.676,108.678,108.676,108.678
2019-12-11 11:04:00+00:00,108.676,108.684,108.673,108.682
2019-12-11 11:05:00+00:00,108.679,108.682,108.679,108.682
2019-12-11 11:07:00+00:00,108.684,108.688,108.683,108.683
2019-12-11 11:08:00+00:00,108.686,108.686,108.686,108.686
2019-12-11 11:09:00+00:00,108.683,108.685,108.683,108.683
2019-12-11 11:10:00+00:00,108.680,108.680,108.676,108.678
2019-12-11 11:11:00+00:00,108.676,108.676,108.674,108.674
2019-12-11 11:12:00+00:00,108.671,108.673,108.670,108.670
2019-12-11 11:13:00+00:00,108.668,108.668,108.661,108.661
2019-12-11 11:14:00+00:00,108.664,108.670,108.664,108.668
2019-12-11 11:15:00+00:00,108.671,108.678,108.671,108.676
2019-12-11 11:16:00+00:00,108.673,108.673,108.671,108.671
2019-12-11 11:17:00+00:00,108.673,108.673,108.668,108.668
2019-12-11 11:18:00+00:00,108.670,108.670,108.668,108.670
2019-12-11 11:19:00+00:00,108.668,108.670,108.663,108.663
2019-12-11 11:20:00+00:00,108.666,108.674,108.666,108.674
2019-12-11 11:21:00+00:00,108.672,108.672,108.672,108.672
2019-12-11 11:22:00+00:00,108.670,108.670,108.670,108.670
2019-12-11 11:23:00+00:00,108.672,108.674,108.672,108.672
2019-12-11 11:24:00+00:00,108.670,108.670,108.664,108.669
2019-12-11 11:25:00+00:00,108.672,108.672,108.670,108.672
2019-12-11 11:26:00+00:00,108.674,108.674,108.674,108.674
2019-12-11 11:27:00+00:00,108.672,108.676,108.672,108.674
2019-12-11 11:28:00+00:00,108.677,108.680,108.677,108.680
2019-12-11 11:29:00+00:00,108.682,108.686,108.679,108.686
2019-12-11 11:30:00+00:00,108.688,108.690,108.688,108.690
2019-12-11 11:31:00+00:00,108.688,108.690,108.686,108.690
2019-12-11 11:32:00+00:00,108.688,108.688,108.686,108.686
2019-12-11 11:33:00+00:00,108.688,108.691,108.686,108.691
2019-12-11 11:34:00+00:00,108.694,108.697,108.692,108.697
2019-12-11 11:35:00+00:00,108.695,108.697,108.695,108.697
2019-12-11 11:36:00+00:00,108.700,108.700,108.700,108.700
2019-12-11 11:37:00+00:00,108.698,108.698,108.698,108.698
2019-12-11 11:38:00+00:00,108.695,108.695,108.690,108.690
2019-12-11 11:41:00+00:00,108.692,108.692,108.690,108.690
2019-12-11 11:42:00+00:00,108.688,108.688,108.685,108.685
2019-12-11 11:43:00+00:00,108.688,108.690,108.688,108.688
2019-12-11 11:44:00+00:00,108.690,108.690,108.686,108.686
2019-12-11 11:45:00+00:00,108.688,108.688,108.686,108.688
2019-12-11 11:48:00+00:00,108.686,108.688,108.686,108.688
2019-12-11 11:50:00+00:00,108.690,108.692,108.690,108.690
2019-12-11 11:51:00+00:00,108.692,108.695,108.692,108.695
2019-12-11 11:54:00+00:00,108.692,108.692,108.690,108.690
2019-12-11 11:55:00+00:00,108.688,108.690,108.688,108.690
2019-12-11 11:56:00+00:00,108.688,108.688,108.680,108.680
2019-12-11 11:57:00+00:00,108.683,108.687,108.680,108.687
2019-12-11 11:58:00+00:00,108.684,108.692,108.684,108.692
2019-12-11 11:59:00+00:00,108.695,108.702,108.694,108.702
2019-12-11 12:00:00+00:00,108.700,108.702,108.700,108.700
2019-12-11 12:01:00+00:00,108.703,108.706,108.702,108.704
2019-12-11 12:02:00+00:00,108.702,108.706,108.702,108.706
2019-12-11 12:03:00+00:00,108.704,108.707,108.702,108.704
2019-12-11 12:04:00+00:00,108.706,108.706,108.704,108.704
2019-12-11 12:05:00+00:00,108.707,108.707,108.704,108.704
2019-12-11 12:06:00+00:00,108.706,108.709,108.706,108.709
2019-12-11 12:07:00+00:00,108.707,108.709,108.707,108.709
2019-12-11 12:08:00+00:00,108.712,108.712,108.709,108.709
2019-12-11 12:09:00+00:00,108.707,108.707,108.692,108.699
2019-12-11 12:10:00+00:00,108.702,108.715,108.702,108.715
2019-12-11 12:11:00+00:00,108.712,108.722,108.710,108.720
2019-12-11 12:12:00+00:00,108.717,108.717,108.714,108.714
2019-12-11 12:13:00+00:00,108.717,108.717,108.714,108.714
2019-12-11 12:14:00+00:00,108.712,108.712,108.707,108.709
2019-12-11 12:15:00+00:00,108.707,108.709,108.704,108.704
2019-12-11 12:16:00+00:00,108.706,108.706,108.706,108.706
2019-12-11 12:17:00+00:00,108.704,108.704,108.704,108.704
2019-12-11 12:18:00+00:00,108.702,108.706,108.701,108.706
2019-12-11 12:19:00+00:00,108.703,108.706,108.701,108.701
2019-12-11 12:20:00+00:00,108.703,108.706,108.698,108.698
2019-12-11 12:21:00+00:00,108.700,108.700,108.698,108.698
2019-12-11 12:22:00+00:00,108.700,108.700,108.700,108.700
2019-12-11 12:23:00+00:00,108.698,108.706,108.698,108.706
2019-12-11 12:24:00+00:00,108.704,108.713,108.704,108.712
2019-12-11 12:25:00+00:00,108.710,108.712,108.708,108.712
2019-12-11 12:26:00+00:00,108.714,108.714,108.710,108.710
2019-12-11 12:28:00+00:00,108.712,108.714,108.710,108.714
2019-12-11 12:29:00+00:00,108.716,108.716,108.714,108.714
2019-12-11 12:30:00+00:00,108.711,108.711,108.711,108.711
2019-12-11 12:31:00+00:00,108.714,108.714,108.711,108.711
2019-12-11 12:32:00+00:00,108.714,108.714,108.711,108.711
2019-12-11 12:33:00+00:00,108.714,108.716,108.714,108.716
2019-12-11 12:34:00+00:00,108.719,108.719,108.714,108.714
2019-12-11 12:35:00+00:00,108.716,108.724,108.716,108.722
2019-12-11 12:36:00+00:00,108.718,108.718,108.716,108.716
2019-12-11 12:37:00+00:00,108.713,108.713,108.710,108.712
2019-12-11 12:38:00+00:00,108.710,108.710,108.708,108.708
2019-12-11 12:39:00+00:00,108.705,108.705,108.702,108.705
2019-12-11 12:40:00+00:00,108.702,108.705,108.702,108.705
2019-12-11 12:41:00+00:00,108.702,108.702,108.700,108.700
2019-12-11 12:42:00+00:00,108.698,108.698,108.696,108.696
2019-12-11 12:43:00+00:00,108.698,108.698,108.698,108.698
2019-12-11 12:44:00+00:00,108.701,108.703,108.701,108.703
2019-12-11 12:45:00+00:00,108.706,108.716,108.706,108.716
2019-12-11 12:46:00+00:00,108.712,108.712,108.708,108.708
2019-12-11 12:47:00+00:00,108.705,108.705,108.705,108.705
2019-12-11 12:48:00+00:00,108.708,108.722,108.708,108.722
2019-12-11 12:49:00+00:00,108.719,108.721,108.714,108.718
2019-12-11 12:50:00+00:00,108.721,108.721,108.716,108.719
2019-12-11 12:51:00+00:00,108.722,108.724,108.722,108.722
2019-12-11 12:52:00+00:00,108.719,108.724,108.714,108.724
2019-12-11 12:53:00+00:00,108.726,108.726,108.722,108.722
2019-12-11 12:54:00+00:00,108.719,108.724,108.716,108.724
2019-12-11 12:55:00+00:00,108.726,108.732,108.726,108.726
2019-12-11 12:56:00+00:00,108.728,108.736,108.728,108.736
2019-12-11 12:57:00+00:00,108.734,108.738,108.734,108.738
2019-12-11 12:58:00+00:00,108.741,108.741,108.736,108.738
2019-12-11 12:59:00+00:00,108.736,108.741,108.736,108.738
2019-12-11 13:00:00+00:00,108.736,108.738,108.736,108.736
2019-12-11 13:01:00+00:00,108.734,108.734,108.731,108.733
2019-12-11 13:02:00+00:00,108.731,108.731,108.723,108.724
2019-12-11 13:03:00+00:00,108.726,108.728,108.726,108.728
2019-12-11 13:04:00+00:00,108.730,108.730,108.728,108.728
2019-12-11 13:05:00+00:00,108.730,108.730,108.725,108.725
2019-12-11 13:06:00+00:00,108.727,108.730,108.727,108.730
2019-12-11 13:07:00+00:00,108.728,108.730,108.726,108.730
2019-12-11 13:08:00+00:00,108.728,108.732,108.728,108.732
2019-12-11 13:09:00+00:00,108.735,108.740,108.735,108.738
2019-12-11 13:10:00+00:00,108.741,108.749,108.741,108.746
2019-12-11 13:11:00+00:00,108.744,108.750,108.744,108.750
2019-12-11 13:12:00+00:00,108.746,108.746,108.742,108.742
2019-12-11 13:13:00+00:00,108.739,108.742,108.739,108.742
2019-12-11 13:14:00+00:00,108.744,108.750,108.744,108.750
2019-12-11 13:15:00+00:00,108.748,108.748,108.746,108.748
2019-12-11 13:16:00+00:00,108.746,108.751,108.744,108.748
2019-12-11 13:17:00+00:00,108.746,108.750,108.744,108.747
2019-12-11 13:18:00+00:00,108.750,108.750,108.747,108.747
2019-12-11 13:19:00+00:00,108.750,108.752,108.748,108.748
2019-12-11 13:20:00+00:00,108.750,108.750,108.732,108.740
2019-12-11 13:21:00+00:00,108.742,108.742,108.742,108.742
2019-12-11 13:22:00+00:00,108.740,108.745,108.740,108.745
2019-12-11 13:23:00+00:00,108.743,108.748,108.738,108.738
2019-12-11 13:24:00+00:00,108.736,108.738,108.724,108.724
2019-12-11 13:25:00+00:00,108.722,108.722,108.707,108.712
2019-12-11 13:26:00+00:00,108.710,108.713,108.710,108.710
2019-12-11 13:27:00+00:00,108.712,108.714,108.710,108.710
2019-12-11 13:28:00+00:00,108.707,108.714,108.707,108.709
2019-12-11 13:29:00+00:00,108.707,108.723,108.704,108.710
2019-12-11 13:30:00+00:00,108.715,108.748,108.710,108.720
2019-12-11 13:31:00+00:00,108.718,108.718,108.708,108.710
2019-12-11 13:32:00+00:00,108.708,108.714,108.708,108.714
2019-12-11 13:33:00+00:00,108.717,108.724,108.707,108.709
2019-12-11 13:34:00+00:00,108.706,108.707,108.692,108.694
2019-12-11 13:35:00+00:00,108.692,108.692,108.673,108.676
2019-12-11 13:36:00+00:00,108.678,108.684,108.671,108.684
2019-12-11 13:37:00+00:00,108.681,108.684,108.676,108.679
2019-12-11 13:38:00+00:00,108.682,108.689,108.679,108.681
2019-12-11 13:39:00+00:00,108.684,108.689,108.684,108.686
2019-12-11 13:40:00+00:00,108.684,108.688,108.680,108.688
2019-12-11 13:41:00+00:00,108.686,108.688,108.682,108.682
2019-12-11 13:42:00+00:00,108.684,108.687,108.680,108.680
2019-12-11 13:43:00+00:00,108.682,108.682,108.677,108.680
2019-12-11 13:44:00+00:00,108.677,108.690,108.677,108.690
2019-12-11 13:45:00+00:00,108.692,108.692,108.690,108.690
2019-12-11 13:46:00+00:00,108.692,108.700,108.690,108.700
2019-12-11 13:47:00+00:00,108.702,108.708,108.702,108.704
2019-12-11 13:48:00+00:00,108.706,108.709,108.706,108.707
2019-12-11 13:49:00+00:00,108.710,108.714,108.710,108.714
2019-12-11 13:50:00+00:00,108.716,108.716,108.714,108.714
2019-12-11 13:51:00+00:00,108.711,108.711,108.704,108.706
2019-12-11 13:52:00+00:00,108.704,108.704,108.699,108.704
2019-12-11 13:53:00+00:00,108.706,108.709,108.704,108.704
2019-12-11 13:54:00+00:00,108.702,108.704,108.694,108.704
2019-12-11 13:55:00+00:00,108.702,108.702,108.692,108.694
2019-12-11 13:56:00+00:00,108.692,108.697,108.690,108.690
2019-12-11 13:57:00+00:00,108.692,108.694,108.692,108.694
2019-12-11 13:58:00+00:00,108.697,108.697,108.697,108.697
2019-12-11 13:59:00+00:00,108.700,108.706,108.700,108.704
2019-12-11 14:00:00+00:00,108.702,108.702,108.699,108.702
2019-12-11 14:01:00+00:00,108.704,108.707,108.693,108.696
2019-12-11 14:02:00+00:00,108.694,108.694,108.678,108.682
2019-12-11 14:03:00+00:00,108.680,108.685,108.680,108.685
2019-12-11 14:04:00+00:00,108.683,108.685,108.678,108.685
2019-12-11 14:06:00+00:00,108.688,108.688,108.680,108.685
2019-12-11 14:07:00+00:00,108.688,108.690,108.683,108.688
2019-12-11 14:08:00+00:00,108.690,108.697,108.690,108.697
2019-12-11 14:09:00+00:00,108.695,108.698,108.692,108.697
2019-12-11 14:10:00+00:00,108.695,108.700,108.692,108.692
2019-12-11 14:11:00+00:00,108.690,108.692,108.684,108.685
2019-12-11 14:12:00+00:00,108.682,108.683,108.678,108.682
2019-12-11 14:13:00+00:00,108.685,108.694,108.683,108.683
2019-12-11 14:14:00+00:00,108.680,108.680,108.672,108.672
2019-12-11 14:15:00+00:00,108.676,108.678,108.673,108.676
2019-12-11 14:16:00+00:00,108.678,108.696,108.678,108.696
2019-12-11 14:17:00+00:00,108.698,108.698,108.696,108.698
2019-12-11 14:18:00+00:00,108.696,108.698,108.694,108.698
2019-12-11 14:19:00+00:00,108.701,108.701,108.698,108.700
2019-12-11 14:20:00+00:00,108.703,108.710,108.703,108.710
2019-12-11 14:21:00+00:00,108.712,108.712,108.704,108.704
2019-12-11 14:22:00+00:00,108.702,108.706,108.702,108.706
2019-12-11 14:23:00+00:00,108.709,108.714,108.707,108.712
2019-12-11 14:24:00+00:00,108.714,108.718,108.714,108.714
2019-12-11 14:25:00+00:00,108.712,108.716,108.712,108.714
2019-12-11 14:26:00+00:00,108.716,108.726,108.716,108.726
2019-12-11 14:27:00+00:00,108.724,108.724,108.716,108.716
2019-12-11 14:28:00+00:00,108.713,108.718,108.713,108.716
2019-12-11 14:29:00+00:00,108.714,108.714,108.708,108.708
2019-12-11 14:30:00+00:00,108.706,108.708,108.698,108.703
2019-12-11 14:31:00+00:00,108.700,108.700,108.690,108.696
2019-12-11 14:32:00+00:00,108.694,108.705,108.691,108.705
2019-12-11 14:33:00+00:00,108.708,108.714,108.704,108.714
2019-12-11 14:34:00+00:00,108.712,108.724,108.712,108.714
2019-12-11 14:35:00+00:00,108.716,108.718,108.704,108.704
2019-12-11 14:36:00+00:00,108.702,108.706,108.696,108.700
2019-12-11 14:37:00+00:00,108.698,108.705,108.696,108.705
2019-12-11 14:38:00+00:00,108.702,108.702,108.699,108.699
2019-12-11 14:39:00+00:00,108.696,108.717,108.696,108.714
2019-12-11 14:40:00+00:00,108.711,108.715,108.708,108.712
2019-12-11 14:41:00+00:00,108.715,108.718,108.713,108.713
2019-12-11 14:42:00+00:00,108.710,108.712,108.702,108.705
2019-12-11 14:43:00+00:00,108.702,108.702,108.688,108.688
2019-12-11 14:44:00+00:00,108.686,108.696,108.684,108.696
2019-12-11 14:45:00+00:00,108.699,108.699,108.694,108.696
2019-12-11 14:46:00+00:00,108.694,108.694,108.680,108.680
2019-12-11 14:47:00+00:00,108.683,108.690,108.680,108.690
2019-12-11 14:48:00+00:00,108.694,108.699,108.694,108.699
2019-12-11 14:49:00+00:00,108.702,108.709,108.702,108.704
2019-12-11 14:50:00+00:00,108.706,108.719,108.706,108.719
2019-12-11 14:51:00+00:00,108.716,108.716,108.700,108.700
2019-12-11 14:52:00+00:00,108.702,108.702,108.688,108.690
2019-12-11 14:53:00+00:00,108.692,108.697,108.692,108.692
2019-12-11 14:54:00+00:00,108.695,108.700,108.690,108.690
2019-12-11 14:55:00+00:00,108.692,108.694,108.690,108.694
2019-12-11 14:56:00+00:00,108.692,108.695,108.692,108.695
2019-12-11 14:57:00+00:00,108.697,108.702,108.697,108.699
2019-12-11 14:58:00+00:00,108.702,108.717,108.700,108.714
2019-12-11 14:59:00+00:00,108.717,108.722,108.710,108.714
2019-12-11 15:00:00+00:00,108.716,108.723,108.711,108.714
2019-12-11 15:01:00+00:00,108.712,108.712,108.705,108.708
2019-12-11 15:02:00+00:00,108.710,108.718,108.710,108.715
2019-12-11 15:03:00+00:00,108.713,108.724,108.712,108.720
2019-12-11 15:04:00+00:00,108.722,108.724,108.719,108.721
2019-12-11 15:05:00+00:00,108.719,108.719,108.711,108.717
2019-12-11 15:06:00+00:00,108.714,108.714,108.712,108.712
2019-12-11 15:07:00+00:00,108.714,108.714,108.712,108.712
2019-12-11 15:08:00+00:00,108.710,108.712,108.707,108.712
2019-12-11 15:09:00+00:00,108.714,108.714,108.711,108.711
2019-12-11 15:10:00+00:00,108.708,108.713,108.708,108.713
2019-12-11 15:11:00+00:00,108.715,108.720,108.710,108.710
2019-12-11 15:12:00+00:00,108.707,108.712,108.704,108.704
2019-12-11 15:13:00+00:00,108.702,108.702,108.696,108.696
2019-12-11 15:14:00+00:00,108.694,108.696,108.694,108.696
2019-12-11 15:15:00+00:00,108.699,108.703,108.694,108.694
2019-12-11 15:16:00+00:00,108.696,108.696,108.693,108.696
2019-12-11 15:17:00+00:00,108.698,108.706,108.698,108.698
2019-12-11 15:18:00+00:00,108.701,108.701,108.696,108.696
2019-12-11 15:19:00+00:00,108.699,108.702,108.699,108.702
2019-12-11 15:20:00+00:00,108.700,108.702,108.698,108.702
2019-12-11 15:21:00+00:00,108.704,108.704,108.702,108.702
2019-12-11 15:22:00+00:00,108.700,108.700,108.692,108.694
2019-12-11 15:23:00+00:00,108.697,108.700,108.695,108.695
2019-12-11 15:24:00+00:00,108.692,108.692,108.690,108.690
2019-12-11 15:25:00+00:00,108.688,108.690,108.678,108.690
2019-12-11 15:26:00+00:00,108.692,108.692,108.690,108.690
2019-12-11 15:27:00+00:00,108.692,108.695,108.690,108.692
2019-12-11 15:28:00+00:00,108.690,108.690,108.680,108.685
2019-12-11 15:29:00+00:00,108.688,108.690,108.685,108.690
2019-12-11 15:30:00+00:00,108.688,108.690,108.685,108.688
2019-12-11 15:31:00+00:00,108.690,108.692,108.683,108.683
2019-12-11 15:32:00+00:00,108.680,108.683,108.678,108.682
2019-12-11 15:33:00+00:00,108.680,108.688,108.680,108.683
2019-12-11 15:34:00+00:00,108.680,108.685,108.680,108.682
2019-12-11 15:35:00+00:00,108.680,108.697,108.680,108.697
2019-12-11 15:36:00+00:00,108.700,108.700,108.680,108.682
2019-12-11 15:37:00+00:00,108.680,108.685,108.680,108.685
2019-12-11 15:38:00+00:00,108.683,108.685,108.680,108.683
2019-12-11 15:39:00+00:00,108.685,108.688,108.682,108.686
2019-12-11 15:40:00+00:00,108.684,108.689,108.679,108.689
2019-12-11 15:41:00+00:00,108.686,108.696,108.686,108.696
2019-12-11 15:42:00+00:00,108.694,108.698,108.694,108.696
2019-12-11 15:43:00+00:00,108.699,108.699,108.696,108.696
2019-12-11 15:44:00+00:00,108.694,108.694,108.689,108.691
2019-12-11 15:45:00+00:00,108.689,108.691,108.689,108.689
2019-12-11 15:46:00+00:00,108.686,108.688,108.686,108.686
2019-12-11 15:47:00+00:00,108.684,108.686,108.678,108.682
2019-12-11 15:48:00+00:00,108.679,108.682,108.677,108.677
2019-12-11 15:49:00+00:00,108.679,108.684,108.679,108.682
2019-12-11 15:50:00+00:00,108.679,108.679,108.664,108.679
2019-12-11 15:51:00+00:00,108.681,108.686,108.681,108.686
2019-12-11 15:52:00+00:00,108.684,108.686,108.684,108.684
2019-12-11 15:53:00+00:00,108.682,108.682,108.672,108.676
2019-12-11 15:54:00+00:00,108.674,108.676,108.672,108.674
2019-12-11 15:55:00+00:00,108.676,108.690,108.674,108.690
2019-12-11 15:56:00+00:00,108.692,108.692,108.686,108.690
2019-12-11 15:57:00+00:00,108.692,108.692,108.685,108.690
2019-12-11 15:58:00+00:00,108.692,108.692,108.686,108.690
2019-12-11 15:59:00+00:00,108.688,108.705,108.688,108.702
2019-12-11 16:00:00+00:00,108.705,108.707,108.698,108.698
2019-12-11 16:01:00+00:00,108.695,108.698,108.686,108.697
2019-12-11 16:02:00+00:00,108.695,108.695,108.676,108.678
2019-12-11 16:03:00+00:00,108.676,108.690,108.674,108.688
2019-12-11 16:04:00+00:00,108.690,108.690,108.686,108.686
2019-12-11 16:05:00+00:00,108.683,108.698,108.680,108.698
2019-12-11 16:06:00+00:00,108.700,108.700,108.690,108.690
2019-12-11 16:07:00+00:00,108.688,108.688,108.680,108.682
2019-12-11 16:08:00+00:00,108.680,108.682,108.675,108.678
2019-12-11 16:09:00+00:00,108.675,108.677,108.672,108.672
2019-12-11 16:10:00+00:00,108.670,108.670,108.660,108.668
2019-12-11 16:11:00+00:00,108.665,108.665,108.660,108.662
2019-12-11 16:12:00+00:00,108.665,108.665,108.660,108.660
2019-12-11 16:13:00+00:00,108.658,108.660,108.658,108.660
2019-12-11 16:14:00+00:00,108.662,108.664,108.662,108.662
2019-12-11 16:15:00+00:00,108.665,108.668,108.660,108.660
2019-12-11 16:16:00+00:00,108.663,108.663,108.653,108.660
2019-12-11 16:17:00+00:00,108.662,108.674,108.662,108.672
2019-12-11 16:18:00+00:00,108.670,108.670,108.664,108.664
2019-12-11 16:19:00+00:00,108.666,108.666,108.656,108.656
2019-12-11 16:20:00+00:00,108.659,108.666,108.659,108.664
2019-12-11 16:21:00+00:00,108.662,108.662,108.654,108.655
2019-12-11 16:22:00+00:00,108.658,108.668,108.658,108.667
2019-12-11 16:23:00+00:00,108.670,108.674,108.670,108.672
2019-12-11 16:24:00+00:00,108.674,108.674,108.669,108.669
2019-12-11 16:25:00+00:00,108.671,108.674,108.668,108.668
2019-12-11 16:26:00+00:00,108.666,108.666,108.654,108.654
2019-12-11 16:27:00+00:00,108.651,108.659,108.648,108.648
2019-12-11 16:28:00+00:00,108.651,108.651,108.643,108.643
2019-12-11 16:29:00+00:00,108.645,108.648,108.637,108.642
2019-12-11 16:30:00+00:00,108.644,108.644,108.642,108.642
2019-12-11 16:31:00+00:00,108.644,108.647,108.640,108.647
2019-12-11 16:32:00+00:00,108.645,108.647,108.642,108.642
2019-12-11 16:33:00+00:00,108.644,108.654,108.642,108.651
2019-12-11 16:34:00+00:00,108.648,108.648,108.640,108.648
2019-12-11 16:35:00+00:00,108.646,108.660,108.646,108.660
2019-12-11 16:36:00+00:00,108.663,108.670,108.663,108.668
2019-12-11 16:37:00+00:00,108.666,108.668,108.666,108.666
2019-12-11 16:38:00+00:00,108.668,108.674,108.668,108.674
2019-12-11 16:39:00+00:00,108.670,108.678,108.670,108.675
2019-12-11 16:40:00+00:00,108.677,108.678,108.675,108.678
2019-12-11 16:41:00+00:00,108.676,108.676,108.676,108.676
2019-12-11 16:42:00+00:00,108.678,108.678,108.678,108.678
2019-12-11 16:43:00+00:00,108.676,108.676,108.676,108.676
2019-12-11 16:44:00+00:00,108.673,108.680,108.670,108.680
2019-12-11 16:45:00+00:00,108.678,108.680,108.678,108.680
2019-12-11 16:46:00+00:00,108.682,108.685,108.678,108.678
2019-12-11 16:47:00+00:00,108.680,108.682,108.678,108.678
2019-12-11 16:48:00+00:00,108.676,108.676,108.676,108.676
2019-12-11 16:49:00+00:00,108.678,108.678,108.676,108.676
2019-12-11 16:50:00+00:00,108.673,108.673,108.673,108.673
2019-12-11 16:51:00+00:00,108.670,108.670,108.666,108.666
2019-12-11 16:52:00+00:00,108.668,108.668,108.666,108.668
2019-12-11 16:53:00+00:00,108.666,108.666,108.664,108.664
2019-12-11 16:54:00+00:00,108.660,108.668,108.660,108.668
2019-12-11 16:55:00+00:00,108.665,108.672,108.665,108.672
2019-12-11 16:56:00+00:00,108.674,108.674,108.672,108.674
2019-12-11 16:57:00+00:00,108.676,108.686,108.676,108.686
2019-12-11 16:58:00+00:00,108.689,108.689,108.672,108.672
2019-12-11 16:59:00+00:00,108.670,108.676,108.670,108.676
2019-12-11 17:00:00+00:00,108.673,108.679,108.669,108.679
2019-12-11 17:01:00+00:00,108.676,108.676,108.676,108.676
2019-12-11 17:02:00+00:00,108.679,108.679,108.668,108.668
2019-12-11 17:04:00+00:00,108.666,108.666,108.661,108.661
2019-12-11 17:05:00+00:00,108.658,108.662,108.656,108.662
2019-12-11 17:06:00+00:00,108.664,108.664,108.658,108.658
2019-12-11 17:07:00+00:00,108.655,108.655,108.655,108.655
2019-12-11 17:08:00+00:00,108.657,108.657,108.657,108.657
2019-12-11 17:09:00+00:00,108.660,108.660,108.655,108.655
2019-12-11 17:10:00+00:00,108.652,108.660,108.652,108.658
2019-12-11 17:11:00+00:00,108.655,108.658,108.653,108.654
2019-12-11 17:12:00+00:00,108.652,108.654,108.652,108.654
2019-12-11 17:13:00+00:00,108.652,108.652,108.649,108.649
2019-12-11 17:14:00+00:00,108.652,108.658,108.649,108.658
2019-12-11 17:15:00+00:00,108.656,108.661,108.656,108.661
2019-12-11 17:17:00+00:00,108.664,108.672,108.664,108.666
2019-12-11 17:18:00+00:00,108.664,108.667,108.664,108.667
2019-12-11 17:19:00+00:00,108.670,108.670,108.670,108.670
2019-12-11 17:24:00+00:00,108.672,108.672,108.670,108.670
2019-12-11 17:25:00+00:00,108.672,108.674,108.672,108.672
2019-12-11 17:26:00+00:00,108.669,108.669,108.669,108.669
2019-12-11 17:27:00+00:00,108.666,108.666,108.664,108.664
2019-12-11 17:28:00+00:00,108.661,108.661,108.661,108.661
2019-12-11 17:30:00+00:00,108.658,108.661,108.658,108.658
2019-12-11 17:31:00+00:00,108.661,108.661,108.661,108.661
2019-12-11 17:32:00+00:00,108.663,108.663,108.663,108.663
2019-12-11 17:33:00+00:00,108.666,108.666,108.663,108.666
2019-12-11 17:34:00+00:00,108.668,108.674,108.668,108.674
2019-12-11 17:35:00+00:00,108.676,108.676,108.676,108.676
2019-12-11 17:36:00+00:00,108.674,108.676,108.671,108.676
2019-12-11 17:37:00+00:00,108.678,108.678,108.676,108.676
2019-12-11 17:38:00+00:00,108.679,108.682,108.676,108.682
2019-12-11 17:39:00+00:00,108.679,108.681,108.677,108.681
2019-12-11 17:40:00+00:00,108.684,108.686,108.682,108.686
2019-12-11 17:42:00+00:00,108.684,108.684,108.681,108.681
2019-12-11 17:43:00+00:00,108.678,108.678,108.666,108.666
2019-12-11 17:44:00+00:00,108.664,108.664,108.658,108.663
2019-12-11 17:45:00+00:00,108.665,108.665,108.660,108.662
2019-12-11 17:46:00+00:00,108.660,108.662,108.660,108.662
2019-12-11 17:47:00+00:00,108.664,108.669,108.662,108.662
2019-12-11 17:48:00+00:00,108.664,108.664,108.656,108.656
2019-12-11 17:49:00+00:00,108.654,108.654,108.651,108.651
2019-12-11 17:50:00+00:00,108.653,108.661,108.653,108.659
2019-12-11 17:51:00+00:00,108.657,108.662,108.657,108.658
2019-12-11 17:52:00+00:00,108.660,108.660,108.658,108.660
2019-12-11 17:53:00+00:00,108.658,108.662,108.658,108.662
2019-12-11 17:54:00+00:00,108.664,108.664,108.662,108.664
2019-12-11 17:55:00+00:00,108.667,108.676,108.667,108.676
2019-12-11 17:56:00+00:00,108.678,108.684,108.678,108.682
2019-12-11 17:57:00+00:00,108.684,108.684,108.684,108.684
2019-12-11 17:58:00+00:00,108.686,108.702,108.686,108.700
2019-12-11 17:59:00+00:00,108.698,108.700,108.690,108.692
2019-12-11 18:00:00+00:00,108.690,108.690,108.685,108.687
2019-12-11 18:01:00+00:00,108.690,108.692,108.687,108.687
2019-12-11 18:02:00+00:00,108.690,108.694,108.690,108.692
2019-12-11 18:03:00+00:00,108.694,108.694,108.690,108.690
2019-12-11 18:04:00+00:00,108.692,108.692,108.688,108.688
2019-12-11 18:05:00+00:00,108.690,108.692,108.690,108.690
2019-12-11 18:06:00+00:00,108.692,108.697,108.690,108.692
2019-12-11 18:07:00+00:00,108.694,108.700,108.694,108.700
2019-12-11 18:08:00+00:00,108.698,108.698,108.695,108.698
2019-12-11 18:09:00+00:00,108.695,108.695,108.695,108.695
2019-12-11 18:10:00+00:00,108.692,108.692,108.688,108.692
2019-12-11 18:12:00+00:00,108.695,108.700,108.695,108.695
2019-12-11 18:13:00+00:00,108.698,108.698,108.698,108.698
2019-12-11 18:14:00+00:00,108.695,108.697,108.692,108.697
2019-12-11 18:15:00+00:00,108.695,108.697,108.695,108.697
2019-12-11 18:16:00+00:00,108.695,108.700,108.692,108.700
2019-12-11 18:18:00+00:00,108.698,108.703,108.698,108.698
2019-12-11 18:19:00+00:00,108.696,108.698,108.696,108.698
2019-12-11 18:20:00+00:00,108.700,108.706,108.700,108.701
2019-12-11 18:22:00+00:00,108.698,108.698,108.698,108.698
2019-12-11 18:23:00+00:00,108.700,108.700,108.698,108.698
2019-12-11 18:24:00+00:00,108.695,108.695,108.692,108.692
2019-12-11 18:25:00+00:00,108.695,108.697,108.692,108.692
2019-12-11 18:26:00+00:00,108.694,108.697,108.694,108.695
2019-12-11 18:28:00+00:00,108.692,108.692,108.690,108.690
2019-12-11 18:29:00+00:00,108.688,108.690,108.685,108.690
2019-12-11 18:30:00+00:00,108.692,108.692,108.684,108.684
2019-12-11 18:31:00+00:00,108.682,108.682,108.682,108.682
2019-12-11 18:32:00+00:00,108.684,108.687,108.684,108.685
2019-12-11 18:33:00+00:00,108.688,108.688,108.685,108.685
2019-12-11 18:34:00+00:00,108.688,108.693,108.688,108.693
2019-12-11 18:35:00+00:00,108.696,108.696,108.693,108.696
2019-12-11 18:37:00+00:00,108.692,108.692,108.692,108.692
2019-12-11 18:38:00+00:00,108.694,108.694,108.692,108.692
2019-12-11 18:39:00+00:00,108.694,108.694,108.687,108.687
2019-12-11 18:40:00+00:00,108.684,108.684,108.680,108.680
2019-12-11 18:41:00+00:00,108.682,108.685,108.680,108.685
2019-12-11 18:42:00+00:00,108.682,108.685,108.682,108.685
2019-12-11 18:43:00+00:00,108.688,108.692,108.688,108.692
2019-12-11 18:44:00+00:00,108.690,108.692,108.690,108.690
2019-12-11 18:45:00+00:00,108.688,108.690,108.688,108.688
2019-12-11 18:46:00+00:00,108.690,108.690,108.686,108.686
2019-12-11 18:47:00+00:00,108.688,108.690,108.688,108.690
2019-12-11 18:48:00+00:00,108.688,108.690,108.688,108.690
2019-12-11 18:49:00+00:00,108.688,108.690,108.688,108.690
2019-12-11 18:50:00+00:00,108.692,108.692,108.690,108.690
2019-12-11 18:51:00+00:00,108.687,108.690,108.687,108.690
2019-12-11 18:52:00+00:00,108.692,108.692,108.690,108.690
2019-12-11 18:54:00+00:00,108.688,108.692,108.688,108.690
2019-12-11 18:55:00+00:00,108.688,108.688,108.680,108.682
2019-12-11 18:56:00+00:00,108.685,108.685,108.682,108.682
2019-12-11 18:57:00+00:00,108.680,108.680,108.678,108.678
2019-12-11 18:58:00+00:00,108.675,108.675,108.668,108.672
2019-12-11 18:59:00+00:00,108.670,108.698,108.670,108.694
2019-12-11 19:00:00+00:00,108.690,108.774,108.690,108.730
2019-12-11 19:01:00+00:00,108.728,108.744,108.702,108.702
2019-12-11 19:02:00+00:00,108.704,108.726,108.704,108.726
2019-12-11 19:03:00+00:00,108.724,108.724,108.709,108.709
2019-12-11 19:04:00+00:00,108.712,108.714,108.695,108.695
2019-12-11 19:05:00+00:00,108.692,108.704,108.690,108.704
2019-12-11 19:06:00+00:00,108.706,108.718,108.702,108.714
2019-12-11 19:07:00+00:00,108.712,108.712,108.704,108.709
2019-12-11 19:08:00+00:00,108.707,108.726,108.707,108.726
2019-12-11 19:09:00+00:00,108.730,108.732,108.724,108.724
2019-12-11 19:10:00+00:00,108.722,108.722,108.668,108.676
2019-12-11 19:11:00+00:00,108.678,108.690,108.666,108.666
2019-12-11 19:12:00+00:00,108.664,108.674,108.661,108.666
2019-12-11 19:13:00+00:00,108.663,108.663,108.631,108.634
2019-12-11 19:14:00+00:00,108.631,108.631,108.618,108.622
2019-12-11 19:15:00+00:00,108.625,108.625,108.596,108.604
2019-12-11 19:16:00+00:00,108.601,108.608,108.598,108.598
2019-12-11 19:17:00+00:00,108.600,108.612,108.592,108.612
2019-12-11 19:18:00+00:00,108.610,108.635,108.610,108.628
2019-12-11 19:19:00+00:00,108.630,108.635,108.626,108.635
2019-12-11 19:20:00+00:00,108.633,108.643,108.630,108.643
2019-12-11 19:21:00+00:00,108.646,108.646,108.630,108.635
2019-12-11 19:22:00+00:00,108.632,108.646,108.625,108.646
2019-12-11 19:23:00+00:00,108.648,108.660,108.640,108.660
2019-12-11 19:24:00+00:00,108.658,108.660,108.646,108.646
2019-12-11 19:25:00+00:00,108.649,108.649,108.640,108.642
2019-12-11 19:26:00+00:00,108.645,108.652,108.642,108.646
2019-12-11 19:27:00+00:00,108.642,108.646,108.634,108.634
2019-12-11 19:28:00+00:00,108.637,108.637,108.627,108.629
2019-12-11 19:29:00+00:00,108.627,108.634,108.616,108.623
2019-12-11 19:30:00+00:00,108.621,108.622,108.614,108.617
2019-12-11 19:31:00+00:00,108.620,108.623,108.605,108.606
2019-12-11 19:32:00+00:00,108.608,108.622,108.598,108.622
2019-12-11 19:33:00+00:00,108.625,108.625,108.612,108.612
2019-12-11 19:34:00+00:00,108.616,108.628,108.610,108.621
2019-12-11 19:35:00+00:00,108.624,108.626,108.621,108.624
2019-12-11 19:36:00+00:00,108.626,108.636,108.626,108.636
2019-12-11 19:37:00+00:00,108.639,108.644,108.639,108.644
2019-12-11 19:38:00+00:00,108.646,108.660,108.642,108.660
2019-12-11 19:39:00+00:00,108.662,108.669,108.650,108.660
2019-12-11 19:40:00+00:00,108.658,108.680,108.656,108.666
2019-12-11 19:41:00+00:00,108.664,108.664,108.642,108.646
2019-12-11 19:42:00+00:00,108.648,108.648,108.601,108.603
2019-12-11 19:43:00+00:00,108.606,108.613,108.594,108.596
2019-12-11 19:44:00+00:00,108.594,108.614,108.592,108.596
2019-12-11 19:45:00+00:00,108.598,108.599,108.578,108.595
2019-12-11 19:46:00+00:00,108.592,108.606,108.590,108.606
2019-12-11 19:47:00+00:00,108.608,108.608,108.579,108.584
2019-12-11 19:48:00+00:00,108.582,108.582,108.532,108.553
2019-12-11 19:49:00+00:00,108.550,108.550,108.532,108.532
2019-12-11 19:50:00+00:00,108.530,108.534,108.502,108.516
2019-12-11 19:51:00+00:00,108.519,108.519,108.494,108.509
2019-12-11 19:52:00+00:00,108.506,108.528,108.503,108.528
2019-12-11 19:53:00+00:00,108.526,108.526,108.512,108.520
2019-12-11 19:54:00+00:00,108.517,108.519,108.506,108.506
2019-12-11 19:55:00+00:00,108.502,108.502,108.478,108.481
2019-12-11 19:56:00+00:00,108.478,108.526,108.466,108.524
2019-12-11 19:57:00+00:00,108.526,108.532,108.514,108.516
2019-12-11 19:58:00+00:00,108.514,108.516,108.503,108.508
2019-12-11 19:59:00+00:00,108.506,108.518,108.500,108.501
2019-12-11 20:00:00+00:00,108.504,108.522,108.493,108.510
2019-12-11 20:01:00+00:00,108.508,108.524,108.502,108.524
2019-12-11 20:02:00+00:00,108.522,108.537,108.518,108.520
2019-12-11 20:03:00+00:00,108.522,108.523,108.508,108.514
2019-12-11 20:04:00+00:00,108.516,108.524,108.512,108.518
2019-12-11 20:05:00+00:00,108.516,108.530,108.511,108.525
2019-12-11 20:06:00+00:00,108.522,108.525,108.503,108.506
2019-12-11 20:07:00+00:00,108.508,108.511,108.494,108.498
2019-12-11 20:08:00+00:00,108.496,108.512,108.496,108.512
2019-12-11 20:09:00+00:00,108.514,108.521,108.508,108.513
2019-12-11 20:10:00+00:00,108.516,108.520,108.509,108.520
2019-12-11 20:11:00+00:00,108.518,108.530,108.513,108.530
2019-12-11 20:12:00+00:00,108.528,108.528,108.515,108.520
2019-12-11 20:13:00+00:00,108.522,108.522,108.500,108.502
2019-12-11 20:14:00+00:00,108.504,108.534,108.504,108.534
2019-12-11 20:15:00+00:00,108.531,108.536,108.526,108.533
2019-12-11 20:16:00+00:00,108.536,108.546,108.536,108.540
2019-12-11 20:17:00+00:00,108.538,108.546,108.538,108.539
2019-12-11 20:18:00+00:00,108.536,108.540,108.527,108.534
2019-12-11 20:19:00+00:00,108.532,108.537,108.532,108.535
2019-12-11 20:20:00+00:00,108.537,108.546,108.537,108.538
2019-12-11 20:21:00+00:00,108.536,108.536,108.524,108.524
2019-12-11 20:22:00+00:00,108.520,108.524,108.518,108.524
2019-12-11 20:23:00+00:00,108.521,108.525,108.518,108.525
2019-12-11 20:24:00+00:00,108.528,108.552,108.528,108.549
2019-12-11 20:25:00+00:00,108.547,108.550,108.538,108.543
2019-12-11 20:26:00+00:00,108.540,108.544,108.536,108.536
2019-12-11 20:27:00+00:00,108.538,108.540,108.534,108.537
2019-12-11 20:28:00+00:00,108.534,108.549,108.534,108.549
2019-12-11 20:29:00+00:00,108.547,108.558,108.544,108.556
2019-12-11 20:30:00+00:00,108.554,108.556,108.544,108.556
2019-12-11 20:31:00+00:00,108.558,108.562,108.556,108.559
2019-12-11 20:32:00+00:00,108.561,108.564,108.559,108.562
2019-12-11 20:33:00+00:00,108.558,108.561,108.556,108.558
2019-12-11 20:34:00+00:00,108.561,108.566,108.561,108.566
2019-12-11 20:35:00+00:00,108.564,108.566,108.562,108.564
2019-12-11 20:36:00+00:00,108.561,108.566,108.561,108.564
2019-12-11 20:37:00+00:00,108.562,108.562,108.548,108.550
2019-12-11 20:38:00+00:00,108.552,108.552,108.546,108.548
2019-12-11 20:39:00+00:00,108.546,108.548,108.544,108.548
2019-12-11 20:40:00+00:00,108.550,108.560,108.550,108.558
2019-12-11 20:41:00+00:00,108.560,108.566,108.558,108.566
2019-12-11 20:42:00+00:00,108.564,108.564,108.562,108.562
2019-12-11 20:43:00+00:00,108.559,108.559,108.554,108.554
2019-12-11 20:44:00+00:00,108.557,108.562,108.556,108.556
2019-12-11 20:45:00+00:00,108.554,108.555,108.548,108.555
2019-12-11 20:46:00+00:00,108.553,108.556,108.550,108.550
2019-12-11 20:47:00+00:00,108.552,108.555,108.544,108.548
2019-12-11 20:48:00+00:00,108.546,108.552,108.542,108.542
2019-12-11 20:49:00+00:00,108.545,108.554,108.545,108.554
2019-12-11 20:50:00+00:00,108.556,108.564,108.556,108.564
2019-12-11 20:51:00+00:00,108.566,108.566,108.561,108.566
2019-12-11 20:52:00+00:00,108.564,108.566,108.559,108.566
2019-12-11 20:53:00+00:00,108.564,108.566,108.564,108.564
2019-12-11 20:54:00+00:00,108.566,108.568,108.559,108.559
2019-12-11 20:55:00+00:00,108.561,108.561,108.561,108.561
2019-12-11 20:56:00+00:00,108.564,108.566,108.554,108.554
2019-12-11 20:57:00+00:00,108.556,108.556,108.549,108.555
2019-12-11 20:58:00+00:00,108.553,108.553,108.544,108.544
2019-12-11 20:59:00+00:00,108.541,108.550,108.540,108.542
2019-12-11 21:00:00+00:00,108.546,108.555,108.546,108.547
2019-12-11 21:01:00+00:00,108.544,108.551,108.542,108.551
2019-12-11 21:02:00+00:00,108.554,108.554,108.554,108.554
2019-12-11 21:03:00+00:00,108.552,108.552,108.549,108.550
2019-12-11 21:04:00+00:00,108.552,108.552,108.547,108.550
2019-12-11 21:05:00+00:00,108.552,108.556,108.552,108.556
2019-12-11 21:06:00+00:00,108.558,108.566,108.558,108.564
2019-12-11 21:07:00+00:00,108.562,108.566,108.561,108.561
2019-12-11 21:08:00+00:00,108.559,108.559,108.557,108.557
2019-12-11 21:09:00+00:00,108.554,108.556,108.554,108.554
2019-12-11 21:10:00+00:00,108.552,108.552,108.550,108.552
2019-12-11 21:11:00+00:00,108.550,108.550,108.550,108.550
2019-12-11 21:12:00+00:00,108.548,108.548,108.544,108.544
2019-12-11 21:13:00+00:00,108.542,108.542,108.542,108.542
2019-12-11 21:15:00+00:00,108.544,108.544,108.542,108.542
2019-12-11 21:18:00+00:00,108.538,108.538,108.538,108.538
2019-12-11 21:19:00+00:00,108.536,108.536,108.536,108.536
2019-12-11 21:20:00+00:00,108.538,108.540,108.538,108.540
2019-12-11 21:21:00+00:00,108.538,108.538,108.536,108.536
2019-12-11 21:22:00+00:00,108.538,108.541,108.538,108.541
2019-12-11 21:23:00+00:00,108.538,108.538,108.538,108.538
2019-12-11 21:26:00+00:00,108.540,108.540,108.540,108.540
2019-12-11 21:27:00+00:00,108.538,108.538,108.536,108.536
2019-12-11 21:29:00+00:00,108.538,108.538,108.534,108.538
2019-12-11 21:30:00+00:00,108.541,108.541,108.538,108.540
2019-12-11 21:32:00+00:00,108.538,108.540,108.538,108.538
2019-12-11 21:33:00+00:00,108.540,108.540,108.538,108.540
2019-12-11 21:36:00+00:00,108.543,108.548,108.543,108.548
2019-12-11 21:37:00+00:00,108.550,108.550,108.548,108.548
2019-12-11 21:38:00+00:00,108.550,108.552,108.550,108.552
2019-12-11 21:39:00+00:00,108.550,108.553,108.550,108.550
2019-12-11 21:40:00+00:00,108.552,108.558,108.552,108.556
2019-12-11 21:41:00+00:00,108.558,108.562,108.558,108.562
2019-12-11 21:42:00+00:00,108.564,108.564,108.562,108.564
2019-12-11 21:43:00+00:00,108.562,108.562,108.562,108.562
2019-12-11 21:44:00+00:00,108.560,108.562,108.560,108.562
2019-12-11 21:45:00+00:00,108.560,108.560,108.556,108.558
2019-12-11 21:46:00+00:00,108.560,108.562,108.560,108.562
2019-12-11 21:47:00+00:00,108.560,108.560,108.560,108.560
2019-12-11 21:48:00+00:00,108.562,108.562,108.558,108.558
2019-12-11 21:49:00+00:00,108.560,108.560,108.560,108.560
2019-12-11 21:50:00+00:00,108.558,108.562,108.557,108.557
2019-12-11 21:52:00+00:00,108.560,108.560,108.560,108.560
2019-12-11 21:53:00+00:00,108.562,108.562,108.560,108.560
2019-12-11 21:55:00+00:00,108.562,108.562,108.554,108.554
2019-12-11 21:56:00+00:00,108.552,108.552,108.549,108.549
2019-12-11 21:57:00+00:00,108.552,108.554,108.552,108.552
2019-12-11 21:58:00+00:00,108.554,108.556,108.554,108.556
2019-12-11 21:59:00+00:00,108.558,108.558,108.558,108.558
2019-12-11 22:01:00+00:00,108.562,108.562,108.562,108.562
2019-12-11 22:02:00+00:00,108.559,108.559,108.559,108.559
2019-12-11 22:03:00+00:00,108.564,108.572,108.554,108.560
2019-12-11 22:04:00+00:00,108.556,108.556,108.543,108.543
2019-12-11 22:05:00+00:00,108.538,108.538,108.533,108.538
2019-12-11 22:09:00+00:00,108.541,108.548,108.540,108.548
2019-12-11 22:11:00+00:00,108.544,108.548,108.544,108.548
2019-12-11 22:12:00+00:00,108.551,108.551,108.551,108.551
2019-12-11 22:16:00+00:00,108.548,108.559,108.548,108.559
2019-12-11 22:17:00+00:00,108.556,108.564,108.554,108.558
2019-12-11 22:18:00+00:00,108.560,108.560,108.558,108.560
2019-12-11 22:23:00+00:00,108.558,108.558,108.545,108.545
2019-12-11 22:24:00+00:00,108.548,108.560,108.548,108.560
2019-12-11 22:25:00+00:00,108.557,108.560,108.544,108.558
2019-12-11 22:26:00+00:00,108.556,108.556,108.556,108.556
2019-12-11 22:27:00+00:00,108.553,108.553,108.553,108.553
2019-12-11 22:29:00+00:00,108.555,108.555,108.555,108.555
2019-12-11 22:30:00+00:00,108.558,108.558,108.548,108.550
2019-12-11 22:31:00+00:00,108.548,108.548,108.548,108.548
2019-12-11 22:33:00+00:00,108.546,108.546,108.546,108.546
2019-12-11 22:35:00+00:00,108.548,108.548,108.544,108.546
2019-12-11 22:39:00+00:00,108.548,108.548,108.541,108.548
2019-12-11 22:40:00+00:00,108.546,108.546,108.546,108.546
2019-12-11 22:41:00+00:00,108.548,108.550,108.548,108.550
2019-12-11 22:42:00+00:00,108.552,108.552,108.552,108.552
2019-12-11 22:43:00+00:00,108.555,108.558,108.550,108.558
2019-12-11 22:44:00+00:00,108.560,108.560,108.555,108.555
2019-12-11 22:45:00+00:00,108.552,108.552,108.552,108.552
2019-12-11 22:51:00+00:00,108.555,108.555,108.546,108.546
2019-12-11 22:53:00+00:00,108.548,108.548,108.546,108.546
2019-12-11 22:55:00+00:00,108.544,108.544,108.544,108.544
2019-12-11 22:57:00+00:00,108.541,108.546,108.541,108.546
2019-12-11 23:00:00+00:00,108.548,108.552,108.548,108.550
2019-12-11 23:01:00+00:00,108.548,108.548,108.545,108.545
2019-12-11 23:02:00+00:00,108.542,108.542,108.542,108.542
2019-12-11 23:05:00+00:00,108.540,108.542,108.540,108.542
2019-12-11 23:06:00+00:00,108.540,108.542,108.540,108.542
2019-12-11 23:07:00+00:00,108.544,108.544,108.544,108.544
2019-12-11 23:08:00+00:00,108.547,108.547,108.547,108.547
2019-12-11 23:09:00+00:00,108.544,108.544,108.544,108.544
2019-12-11 23:10:00+00:00,108.542,108.544,108.539,108.539
2019-12-11 23:11:00+00:00,108.542,108.542,108.540,108.540
2019-12-11 23:15:00+00:00,108.538,108.538,108.530,108.530
2019-12-11 23:16:00+00:00,108.532,108.534,108.532,108.534
2019-12-11 23:18:00+00:00,108.537,108.540,108.537,108.538
2019-12-11 23:19:00+00:00,108.535,108.540,108.532,108.538
2019-12-11 23:20:00+00:00,108.535,108.538,108.535,108.535
2019-12-11 23:21:00+00:00,108.537,108.540,108.537,108.538
2019-12-11 23:22:00+00:00,108.540,108.540,108.540,108.540
2019-12-11 23:23:00+00:00,108.538,108.540,108.538,108.540
2019-12-11 23:26:00+00:00,108.542,108.542,108.542,108.542
2019-12-11 23:27:00+00:00,108.540,108.542,108.540,108.540
2019-12-11 23:28:00+00:00,108.538,108.538,108.535,108.535
2019-12-11 23:29:00+00:00,108.537,108.540,108.537,108.540
2019-12-11 23:30:00+00:00,108.542,108.544,108.542,108.544
2019-12-11 23:34:00+00:00,108.546,108.546,108.546,108.546
2019-12-11 23:35:00+00:00,108.550,108.552,108.550,108.552
2019-12-11 23:36:00+00:00,108.554,108.554,108.549,108.549
2019-12-11 23:37:00+00:00,108.552,108.552,108.550,108.550
2019-12-11 23:38:00+00:00,108.552,108.552,108.552,108.552
2019-12-11 23:39:00+00:00,108.550,108.554,108.547,108.554
2019-12-11 23:40:00+00:00,108.552,108.552,108.546,108.549
2019-12-11 23:42:00+00:00,108.547,108.547,108.544,108.544
2019-12-11 23:43:00+00:00,108.546,108.549,108.546,108.547
2019-12-11 23:44:00+00:00,108.544,108.546,108.544,108.546
2019-12-11 23:45:00+00:00,108.549,108.549,108.542,108.544
2019-12-11 23:46:00+00:00,108.542,108.558,108.538,108.558
2019-12-11 23:47:00+00:00,108.556,108.564,108.554,108.561
2019-12-11 23:48:00+00:00,108.559,108.562,108.556,108.558
2019-12-11 23:49:00+00:00,108.561,108.562,108.559,108.562
2019-12-11 23:50:00+00:00,108.559,108.561,108.556,108.556
2019-12-11 23:51:00+00:00,108.554,108.554,108.548,108.548
2019-12-11 23:52:00+00:00,108.546,108.548,108.546,108.548
2019-12-11 23:53:00+00:00,108.546,108.548,108.546,108.548
2019-12-11 23:54:00+00:00,108.550,108.552,108.550,108.550
2019-12-11 23:55:00+00:00,108.548,108.550,108.548,108.550
2019-12-11 23:56:00+00:00,108.552,108.552,108.550,108.550
2019-12-11 23:57:00+00:00,108.547,108.552,108.547,108.552
2019-12-11 23:58:00+00:00,108.554,108.554,108.554,108.554
2019-12-11 23:59:00+00:00,108.552,108.554,108.552,108.554
